﻿<RetrievalServiceResponse xmlns="http://www.verizon.com/RetrievalService" xmlns:xsi="http://www.w3.org/2001/XMLSchema-instance">
    <Comment>String</Comment>
    <ClientRequestId>String</ClientRequestId>
    <SSPTrackingId>String</SSPTrackingId>
    <IsProfileFromCoherence>String</IsProfileFromCoherence>
    <CacheUpdatedDate>String</CacheUpdatedDate>
    <LastUpdatedDate>String</LastUpdatedDate>
    <ResponseInfo>
        <Category>String</Category>
        <Code>String</Code>
        <Description>String</Description>
    </ResponseInfo>
    <RetrievalAccepted>
        <RetrievedChildAccountByParentId>
            <ParentAccount sSPAcctId="String" pCAN="String" visionCustomerId="String" visionAccountId="String" paymentType="String" companyCode="String" state="String" termDate="12/31/9999" status="String" billCycle="String" Name="String">
                <ChildAccount sSPAcctId="String" pCAN="String" visionCustomerId="String" visionAccountId="String" paymentType="String" companyCode="String" locationCode="String" state="String" termDate="12/31/9999" status="String" billCycle="String" Name="String" relationShipCode="String">
                    <Address AddressLine1="String" AddressLine2="String" City="String" State="String" Zip="String" Country="String"/>
                </ChildAccount>
                <ChildAccount sSPAcctId="String" pCAN="String" visionCustomerId="String" visionAccountId="String" paymentType="String" companyCode="String" locationCode="String" state="String" termDate="12/31/9999" status="String" billCycle="String" Name="String" relationShipCode="String">
                    <Address AddressLine1="String" AddressLine2="String" City="String" State="String" Zip="String" Country="String"/>
                </ChildAccount>
            </ParentAccount>
        </RetrievedChildAccountByParentId>
    </RetrievalAccepted>
</RetrievalServiceResponse>
